Patient ID ,        Velocity_Amplitude,Velocity_Spectrum_Peaks,Acceleration_Amplitude,Jerk_Amplitude,Number_of_time_velocity_changes ,DCT_Standard_Deviation ,DCT_Fractral_Dimension,DCT_Approximate_Entropy,DCT_Singular_Value_Decomposition,DCT_Sample_Entropy,DCT_Spectral_Entropy ,DCT_Permutation_Entropy ,DCT_detrend_fluctuation,DCT_Autoregression,Unravelled_Spiral_Smoothing,Unravelled_Spiral_SARIMA,Pressure,Label
8,457.3410221,4,5259.171403,541172.1421,550.75,73781.44989,1.027237832,0.377043565,0.358683345,0.34601126,0.528324868,0.521470078,2.072199592,347128.3278,455.3069175,560.59582,3673.586296,Healthy
1,357.4452912,4,4024.545133,361975.9052,423.6666667,87147.72039,1.024532746,0.315403164,0.340512626,0.322222398,0.548956382,0.458143342,1.958273713,398462.2582,711.4000281,646.4263334,2776.88012,Healthy
64,172.1909422,38,3125.66152,298846.0641,1896,44624.03216,1.031129523,0.175267008,0.052778846,0.159861012,0.219053959,0.48043344,2.040056596,225887.4557,637.5578405,646.7263924,2919.471347,Tremor
63,189.4289135,15,3238.696244,298863.1617,1168.75,170042.5685,1.009120995,0.128544284,0.270890977,0.125393147,0.459525886,0.461394443,1.953003127,791876.8673,770.0649323,722.99808,3728.797986,Tremor
58,177.1121743,15,3213.945079,293077.5403,1642,188108.3789,1.012234667,0.12105014,0.264813634,0.114716255,0.446208297,0.457190354,2.090896858,835827.0953,766.1103054,719.5343403,3397.171128,Tremor
43,458.3278447,3,4312.756467,380711.0537,654,71246.55665,1.027459916,0.385233109,0.380691976,0.376528411,0.560143791,0.497631409,2.122727168,309985.3728,693.0277929,628.6353708,3528.238784,Healthy
66,298.3623772,36,6114.350265,468886.9814,724.2,132856.6124,1.036893774,0.262191953,0.254865931,0.245514829,0.379406591,0.5736811,2.01616321,618708.5145,796.1136854,772.6196284,3572.211268,Tremor
74,288.3076855,31,5577.703814,449437.1484,612.3333333,133887.793,1.042480747,0.189547964,0.293343651,0.18141646,0.451197309,0.514635088,1.944926185,603213.2652,730.2088742,678.5351692,4005.376546,Tremor
45,333.6994271,1,3691.458456,336005.5488,865,91842.59185,1.018257813,0.288945147,0.349316419,0.288094189,0.550587823,0.472476487,2.109337952,403581.3334,656.2659522,599.810655,2967.064964,Healthy
17,519.7650381,2,5585.485784,554556.8264,1970,66873.51306,1.02660114,0.397962109,0.377835393,0.38940659,0.547601404,0.484879226,2.008973679,305012.5953,486.4420444,628.6736076,3350.652852,Healthy
51,139.8154089,25,3188.911539,305741.9449,846.5714286,237693.9996,1.017879719,0.096852028,0.247542057,0.088674805,0.45036974,0.489710671,1.978195135,1081591.799,788.5239375,756.7993226,3838.203785,Tremor
68,255.6503993,40,4564.673201,397189.0966,944,144792.2578,1.015348152,0.163014168,0.300938885,0.159199862,0.438764372,0.480144337,2.038014585,641742.9868,754.6297105,704.882272,4018.64277,Tremor
18,555.3217411,3,6061.508272,616764.2332,553,55793.47847,1.060749615,0.454125331,0.394870937,0.402394257,0.611175511,0.534815524,1.79736323,251012.2417,484.7344371,533.1829519,3367.066135,Healthy
37,402.7300379,1,4148.913186,380855.8618,726,76291.31432,1.034108352,0.332030851,0.372819293,0.333924705,0.564076593,0.500432861,1.929738738,340475.41,578.7685202,541.2997598,3261.236196,Healthy
42,433.3596118,3,4599.912582,450812.4129,697,74266.29574,1.034794256,0.356973866,0.375975647,0.343629886,0.517933479,0.489415935,1.927182358,326562.994,533.0162015,508.9990484,3504.802602,Healthy
11,509.3934451,3,5716.976717,549211.9627,981,66530.94465,1.039631652,0.407938962,0.378448201,0.382952829,0.581645481,0.529691296,1.866606065,300509.1668,462.804575,544.7783995,3515.248435,Healthy
10,521.5195925,4,5208.621924,451325.2727,433.25,57435.65379,1.06335445,0.473344791,0.395416692,0.437909865,0.628877982,0.537579819,1.781155211,262333.8429,494.9451809,481.0356333,3452.875627,Healthy
50,189.239449,19,2943.860571,258871.5674,1422.666667,159557.2683,1.010582794,0.13947726,0.285181546,0.128186551,0.452647297,0.392369255,2.002154636,705385.228,761.9881889,715.5019083,3724.029613,Tremor
34,233.4807179,3,3219.69876,295804.7176,514,130820.9959,1.016126248,0.18406127,0.309693469,0.178896607,0.4890902,0.444168784,1.907518748,601036.3936,704.4863377,658.8030134,2757.572202,Healthy
31,428.3261932,1,3172.935031,235341.0366,574.6666667,56005.56456,1.040525897,0.360125809,0.395979565,0.357171099,0.547802936,0.458485181,1.770897827,245989.7958,475.3660491,520.6751811,2628.029851,Healthy
29,367.2401477,3,3706.962868,354547.2986,497.6,78585.02524,1.028138485,0.294281742,0.351847818,0.276219201,0.527116529,0.404317433,2.007796237,356300.6925,694.2420327,617.9057301,2082.515756,Healthy
46,208.6521529,12,3189.238668,313912.2313,1093,158940.3502,1.011129433,0.139040893,0.279656382,0.134219675,0.454182938,0.449291648,1.99253799,716901.9602,744.3614713,696.41704,3841.921421,Tremor
9,456.7284368,5,4932.989302,422006.6564,359.6,60332.33008,1.085065417,0.389487441,0.387051737,0.332614951,0.503941835,0.541837768,1.867084005,272369.4536,486.1992372,504.3104659,3298.115325,Healthy
27,401.1847848,3,3822.278019,242196.0773,789,53426.39807,1.077958753,0.398404469,0.406807643,0.356814599,0.641162627,0.494742521,1.847908662,238550.4084,489.0816706,556.2078666,2429.772865,Healthy
61,173.7257772,32,2864.39828,250902.0013,1157.5,47920.19361,1.016670284,0.224272644,0.054324002,0.217211016,0.197470067,0.520250897,2.055225882,259037.2963,537.1936336,478.4258243,3607.040195,Tremor
23,247.351727,13,2494.930331,178112.5143,340,90846.99202,1.031558309,0.289597174,0.341990025,0.276277256,0.596795886,0.485569751,1.843292406,432957.8323,700.6323939,630.1671119,2966.78697,Healthy
36,366.4313516,1,3763.058445,338756.5837,477,85527.25877,1.023518369,0.329009029,0.360444187,0.326727032,0.494753861,0.485586983,1.837193063,381404.3388,684.853999,623.1100835,3415.411297,Healthy
73,321.7186336,36,6252.65738,529558.5019,1126.666667,121456.6746,1.029443583,0.245957799,0.279527931,0.231778372,0.416984118,0.507835483,2.009608166,568564.3021,779.4414667,747.1043051,3953.993539,Tremor
15,438.2441925,2,5761.898279,560578.3007,740,67241.03565,1.087133087,0.359228603,0.360168939,0.272900678,0.601302373,0.496605135,1.68215255,334282.0425,469.3271255,480.0054018,3103.444397,Healthy
44,514.6123144,1,4990.488724,439038.1425,572,61889.88324,1.041624756,0.407241012,0.406793546,0.419853846,0.539991239,0.502049651,2.026491882,259431.4115,488.2950224,526.1545002,3026.423841,Healthy
4,517.12392,3,5490.261513,514745.1721,915,57523.96259,1.067373388,0.454882677,0.385636756,0.411720878,0.631328728,0.51407274,1.666240869,274684.093,488.85324,520.4067483,3081.485759,Healthy
19,533.1065037,2,5365.502447,522582.7324,757,54973.37913,1.061784243,0.423989521,0.426313466,0.356072353,0.626629985,0.472288012,1.856803801,232416.8769,455.6384152,536.6823649,3364.737199,Healthy
57,167.2610538,27,3228.071263,319372.2278,866.3333333,204486.6003,1.006857327,0.106755502,0.259299572,0.099453469,0.431828299,0.446284773,2.033732745,908601.3197,768.7424796,726.7133442,3920.887675,Tremor
62,168.0840141,18,3331.139779,313257.0736,1765,207597.6914,1.015108597,0.109706402,0.258231644,0.102785225,0.437643438,0.431195742,1.935170728,917302.4348,755.6732098,708.4950127,3888.03312,Tremor
48,164.8910459,14,2896.731228,283105.6286,1047.6,192303.4997,1.010297589,0.109457374,0.264797353,0.100965374,0.449749531,0.406659521,1.91110388,891232.491,771.1971214,721.7292574,3555.816064,Tremor
72,280.4538869,32,5144.874313,404856.8603,542.5714286,140803.2934,1.044643971,0.228588978,0.275007389,0.21126074,0.419888894,0.55484158,1.936612001,622495.3509,745.4998323,691.1790662,3763.750307,Tremor
30,382.3813993,3,4023.384864,394151.7739,818,76731.42285,1.02536782,0.306749842,0.34977517,0.30728418,0.513552144,0.4113752,2.05844552,354859.0127,640.0453109,589.9596621,2228.035556,Healthy
67,300.1347661,33,5867.922692,493561.842,352.6,128403.9342,1.038055049,0.199498289,0.293164994,0.198522351,0.435470691,0.487685743,1.902115676,587606.3352,772.1619001,724.7659483,3966.229876,Tremor
22,256.4065873,4,2689.857926,190983.7456,662.5,88893.57062,1.029640194,0.287128898,0.340607268,0.284364025,0.54381767,0.461125857,1.904268036,411605.5915,661.6316671,600.4463999,2469.0731,Healthy
47,172.9849377,16,3151.180675,323601.227,741.4285714,191756.705,1.014797671,0.112589429,0.265483173,0.106004665,0.452310273,0.462753697,1.985301933,875000.4886,751.3833908,710.4408027,3906.347903,Tremor
7,451.4586662,3,5237.021025,525113.7618,551,69151.32597,1.038011737,0.391956276,0.360868591,0.338909662,0.588941886,0.489472624,1.871698961,330460.8583,487.7070876,552.9511075,3447.986002,Healthy
70,338.4508444,27,6872.514559,555406.3162,331.3,120715.3437,1.052223419,0.249305025,0.275265153,0.235370454,0.424861141,0.486339465,1.985430147,552352.3726,711.5279334,655.197764,3982.596742,Tremor
6,483.3424959,2,5665.242382,596411.9815,524,73885.01719,1.025870207,0.379990447,0.367347186,0.366040144,0.576201447,0.49364148,2.162426009,330412.1394,653.4049281,595.7708565,3311.465315,Healthy
56,201.4276757,12,3198.26879,305975.914,572.5,172247.8801,1.010538788,0.123076064,0.279781808,0.120231478,0.451919827,0.409880154,1.926312477,756012.4145,772.5399666,726.7210919,3374.148186,Tremor
49,150.8449486,25,3053.649087,312230.8328,945.3333333,217213.6432,1.007756846,0.102670517,0.251907449,0.09531018,0.449215558,0.424398822,2.020480571,999471.0061,773.5696478,746.3803585,3651.267318,Tremor
16,443.0993808,3,4927.573734,467026.429,446.6,73883.89317,1.033573276,0.399652362,0.360911895,0.348748879,0.583113856,0.513101212,1.902653514,352403.9193,504.6542582,602.9392988,3269.021997,Healthy
71,304.4114556,40,5848.648712,448728.3597,1741.5,125667.8174,1.024580837,0.250541999,0.254105818,0.230721407,0.386042419,0.534946354,2.044419733,570590.8427,754.6297105,746.2829056,3854.017467,Tremor
21,509.5287986,4,5682.293412,540399.3164,637,61459.03363,1.075888768,0.401182446,0.374631773,0.313496619,0.620114052,0.573974546,1.931291704,286601.4966,464.5164293,485.6848554,3524.036103,Healthy
33,315.9062893,6,4733.582326,330652.6834,371.875,105681.7834,1.031196791,0.225522557,0.343568738,0.21103212,0.485691083,0.510336298,2.006129844,449310.5237,667.005997,594.121171,2692.446567,Healthy
5,447.4716078,5,5219.481556,518902.1197,730.6666667,71608.18529,1.069484224,0.374577151,0.361286916,0.321894328,0.605347578,0.493853013,1.700619391,340818.5569,495.681308,542.9310814,3370.662087,Healthy
28,333.6256179,4,3329.146719,295998.096,634.75,80569.86768,1.025287928,0.286370264,0.343056065,0.284844869,0.511438064,0.434450586,2.068535535,377989.3048,649.8499827,585.2165217,2439.768222,Healthy
60,215.946865,1,4931.77336,369444.1094,736.5,135252.1247,1.096733576,0.112262287,0.345114457,0.062831777,0.45908755,0.256621264,2.050127385,512004.6526,769.2678337,733.9459096,3153.450772,Tremor
54,184.0392429,15,3121.783569,291439.6,960.2,177094.6341,1.015097219,0.123632947,0.277595314,0.1171564,0.451898141,0.456721983,1.914992775,795089.765,744.371547,697.5984664,3756.081869,Tremor
55,172.7875883,20,3333.355822,329565.8895,1035.8,194402.7376,1.015297392,0.117277281,0.256316163,0.10882245,0.446627037,0.46601582,1.994971267,884509.2127,781.2157193,739.5793481,3692.935646,Tremor
20,511.8436408,2,5634.056967,563014.5401,986,72538.36137,1.024739917,0.387853262,0.371737283,0.381735181,0.549772667,0.489872665,1.938934021,310063.27,539.0729399,533.8083805,3629.495702,Healthy
69,326.1553308,36,6127.764867,467538.8451,536.5,117864.8324,1.042472494,0.247747881,0.286448626,0.237146057,0.444241242,0.517232517,2.038972017,549174.7295,714.2807571,660.1661122,3983.02033,Tremor
52,161.0931193,10,3238.545691,322180.319,1370.5,204598.5882,1.010249596,0.109441272,0.251821023,0.101119625,0.442108194,0.443214549,1.998877321,951549.6544,770.9344979,724.2296405,3715.55978,Tremor
24,295.5875756,4,2751.016562,191807.2994,742.6666667,76074.69391,1.04115571,0.335731229,0.364478237,0.327376671,0.569658314,0.453368726,1.892245247,351439.8331,598.3489191,552.1660023,3183.540134,Healthy
26,312.7994256,1,1726.996189,60465.75865,377.3333333,38165.58326,1.151478413,0.428832864,0.46807431,0.459074559,0.582420571,0.546721434,1.751674793,158255.7451,479.0161408,418.2321737,2146.518868,Healthy
3,450.6086483,3,4957.535457,484429.9267,543,72061.92109,1.047647239,0.377332236,0.366455683,0.339321634,0.554807748,0.510116528,1.850316954,329904.2106,473.9404084,548.33699,3191.655113,Healthy
40,437.7570403,3,4838.239359,458219.1607,1049.5,74395.1795,1.039710184,0.392137905,0.370647742,0.322953443,0.585606266,0.535259728,2.112507986,345453.5439,492.826758,610.0857786,3439.076923,Healthy
41,411.7056148,2,4520.451705,426932.8414,446.6,77114.26417,1.022484698,0.341246176,0.36321747,0.338331549,0.529468356,0.489768438,1.742228234,349580.9848,657.4777563,604.5659364,3592.107969,Healthy
32,313.5919252,1,2546.954289,191617.3757,794,77294.57778,1.027033061,0.294806039,0.357474999,0.291758719,0.524414123,0.399503188,2.121767307,350359.7745,723.6442496,642.4241162,2695.19767,Healthy
65,206.5945226,15,3764.845793,336586.5917,941,167867.5732,1.021333582,0.134732761,0.269129325,0.127124296,0.448667557,0.468265163,2.006648481,791380.1313,770.6730824,723.7049035,3821.907208,Tremor
53,186.9633124,8,3198.868222,316896.5029,1187.25,179390.6025,1.016309348,0.128924915,0.279780787,0.121278987,0.449043052,0.460960854,1.941693109,803095.299,737.9031102,702.253301,3820.17714,Tremor
59,175.8365428,15,3397.120119,327574.2149,1043,194696.8599,1.014620671,0.113246183,0.265379973,0.105993887,0.463839518,0.417179736,1.888253823,886029.0819,764.8071652,711.2064681,3902.086979,Tremor
38,430.9781443,1,4320.689501,402692.1279,1071,76491.29191,1.02227945,0.350820205,0.376832133,0.354555912,0.533425919,0.478610208,1.822964047,320518.9033,650.545156,592.4424136,3226.407692,Healthy
12,539.631396,3,4874.331335,443350.9919,729.5,52187.03876,1.084082343,0.440837707,0.422875808,0.406074307,0.609567969,0.535540784,2.042304015,226690.0039,494.4263338,562.0993608,3507.348271,Healthy
25,248.2642937,5,2215.528435,127036.2794,960.5,60322.01965,1.101236847,0.289539728,0.386509369,0.192520691,0.578021462,0.573592975,1.651691032,268675.2649,440.6601693,415.8642918,3353.218508,Healthy
35,318.6163109,3,3471.743068,335341.4945,549.8,97234.97782,1.015050033,0.275178917,0.345977406,0.273999051,0.543457805,0.447491456,1.839378659,445143.2257,615.7734973,576.5701389,3088.300968,Healthy
13,529.606892,3,5865.107297,581067.4722,639.3333333,61289.46647,1.064472643,0.429516527,0.385552576,0.346000243,0.623236616,0.52010732,1.697261136,283552.1275,454.3871883,502.9638644,3417.066402,Healthy
2,440.8337657,2,5031.2169,495680.309,707.6666667,67666.69031,1.048123719,0.393998724,0.365260539,0.388763258,0.56044159,0.489914632,1.861470887,318990.7429,500.5417527,594.3639818,2915.674671,Healthy
14,548.2681922,2,6007.914579,576615.5455,623.6666667,57804.49751,1.084876285,0.368540033,0.389560474,0.29846323,0.638756752,0.528520789,1.699204307,253282.4786,434.1979797,451.7216171,3442.505894,Healthy
39,358.1809273,1,3941.384597,369709.3548,1250.5,88762.31879,1.015689433,0.315178639,0.354193416,0.310774436,0.546485779,0.469874783,1.976699652,389154.5354,726.7750684,650.3048313,3253.073704,Healthy
